year,table,url
2015,Student questionnaire data file,https://webfs.oecd.org/pisa/PUF_SAS_COMBINED_CMB_STU_QQQ.zip
2015,Teacher questionnaire data file,https://webfs.oecd.org/pisa/PUF_SAS_COMBINED_CMB_TCH_QQQ.zip
2015,School questionnaire data file,https://webfs.oecd.org/pisa/PUF_SAS_COMBINED_CMB_SCH_QQQ.zip
2015,Cognitive item data file,https://webfs.oecd.org/pisa/PUF_SAS_COMBINED_CMB_STU_COG.zip
2015,Questionnaire timing data file,https://webfs.oecd.org/pisa/PUF_SAS_COMBINED_CMB_STU_QTM.zip
2015,Additional data files for Albania,Argentina
2015,Financial Literacy data file,https://webfs.oecd.org/pisa/PUF_SAS_COMBINED_CMB_STU_FLT.zip
2015,Collaborative Problem Solving,https://webfs.oecd.org/pisa/PUF_SAS_COMBINED_CMB_STU_CPS.zip
2015,Codebooks for the main files,https://www.oecd.org/pisa/data/2015database/Codebook_CMB.xlsx
2018,Student questionnaire data files,https://webfs.oecd.org/pisa2018/SAS_STU_QQQ.zip
2018,School questionnaire data file,https://webfs.oecd.org/pisa2018/SAS_SCH_QQQ.zip
2018,Teacher questionnaire data file,https://webfs.oecd.org/pisa2018/SAS_TCH_QQQ.zip
2018,Cognitive item data file,https://webfs.oecd.org/pisa2018/SAS_STU_COG.zip
2018,Questionnaire timing data files,https://webfs.oecd.org/pisa2018/SAS_STU_TIM.zip
2018,Additional data file for Viet Nam,https://webfs.oecd.org/pisa2018/SAS_VNM_PV_COG.zip
2018,Questionnaire items code book,https://webfs.oecd.org/pisa2018/Compendia_Questionnaire.zip
2018,Cognitive items code book,https://webfs.oecd.org/pisa2018/Compendia_Cognitive.zip
2022,Student questionnaire data files,https://webfs.oecd.org/pisa2022/STU_QQQ_SPSS.zip
2022,School questionnaire data file,https://webfs.oecd.org/pisa2022/SCH_QQQ_SPSS.zip
2022,Teacher questionnaire data file,https://webfs.oecd.org/pisa2022/TCH_QQQ_SPSS.zip
2022,Cognitive item data file,https://webfs.oecd.org/pisa2022/STU_COG_SPSS.zip
2022,Questionnaire timing data file,https://webfs.oecd.org/pisa2022/STU_TIM_SPSS.zip
2022,Creative Thinking data file,https://webfs.oecd.org/pisa2022/CRT_SPSS.zip
2022,Financial Literacy data file,https://webfs.oecd.org/pisa2022/FLT_SPSS.zip
